id_paisano,desagregacion,pais_cod,encuesta,ano,valor,desagregacion_por_orden,valor_errorestandar,comparacion_por,comparacion_por_orden,pais,detalle_indicador,indicador,disclaimer
ARG2013,Women/men ratio (married),ARG,MUT - EAHU 2013,2013,2.730041265487671,31,,Ratio marital status,14,Argentina,Average hours per week spent caring for children or others at home.,Hours in care activities,Reference population between 25 and 64 years old. The series may present jumps due to methodological changes in the surveys (see methodological documents). Source: GenLAC (CEDLAS).
ARG2013,Women/men ratio (not married),ARG,MUT - EAHU 2013,2013,4.365613460540771,30,,Ratio marital status,14,Argentina,Average hours per week spent caring for children or others at home.,Hours in care activities,Reference population between 25 and 64 years old. The series may present jumps due to methodological changes in the surveys (see methodological documents). Source: GenLAC (CEDLAS).
ARG2013,Women/men ratio (high skilled),ARG,MUT - EAHU 2013,2013,2.044830799102783,29,,Ratio qualification,15,Argentina,Average hours per week spent caring for children or others at home.,Hours in care activities,Reference population between 25 and 64 years old. The series may present jumps due to methodological changes in the surveys (see methodological documents). Source: GenLAC (CEDLAS).
ARG2013,Women/men ratio (low skilled),ARG,MUT - EAHU 2013,2013,3.655521154403687,27,,Ratio qualification,15,Argentina,Average hours per week spent caring for children or others at home.,Hours in care activities,Reference population between 25 and 64 years old. The series may present jumps due to methodological changes in the surveys (see methodological documents). Source: GenLAC (CEDLAS).
ARG2013,Women/men ratio (with children aged 0-5),ARG,MUT - EAHU 2013,2013,2.657618999481201,33,,Ratio children,13,Argentina,Average hours per week spent caring for children or others at home.,Hours in care activities,Reference population between 25 and 64 years old. The series may present jumps due to methodological changes in the surveys (see methodological documents). Source: GenLAC (CEDLAS).
ARG2013,Women/men ratio (medium skilled),ARG,MUT - EAHU 2013,2013,2.652265071868896,28,,Ratio qualification,15,Argentina,Average hours per week spent caring for children or others at home.,Hours in care activities,Reference population between 25 and 64 years old. The series may present jumps due to methodological changes in the surveys (see methodological documents). Source: GenLAC (CEDLAS).
ARG2013,Women/men ratio (without children),ARG,MUT - EAHU 2013,2013,,32,,Ratio children,13,Argentina,Average hours per week spent caring for children or others at home.,Hours in care activities,Reference population between 25 and 64 years old. The series may present jumps due to methodological changes in the surveys (see methodological documents). Source: GenLAC (CEDLAS).
ARG2013,Women/men ratio (with children older than 5),ARG,MUT - EAHU 2013,2013,2.950212001800537,34,,Ratio children,13,Argentina,Average hours per week spent caring for children or others at home.,Hours in care activities,Reference population between 25 and 64 years old. The series may present jumps due to methodological changes in the surveys (see methodological documents). Source: GenLAC (CEDLAS).
ARG2013,Women/men ratio,ARG,MUT - EAHU 2013,2013,2.765899419784546,26,,Women/men ratio,6,Argentina,Average hours per week spent caring for children or others at home.,Hours in care activities,Reference population between 25 and 64 years old. The series may present jumps due to methodological changes in the surveys (see methodological documents). Source: GenLAC (CEDLAS).
CHL2015,Women/men ratio (high skilled),CHL,ENUT 2015,2015,1.967430472373962,29,,Ratio qualification,15,Chile,Average hours per week spent caring for children or others at home.,Hours in care activities,Reference population between 25 and 64 years old. The series may present jumps due to methodological changes in the surveys (see methodological documents). Source: GenLAC (CEDLAS).
CHL2015,Women/men ratio (without children),CHL,ENUT 2015,2015,,32,,Ratio children,13,Chile,Average hours per week spent caring for children or others at home.,Hours in care activities,Reference population between 25 and 64 years old. The series may present jumps due to methodological changes in the surveys (see methodological documents). Source: GenLAC (CEDLAS).
CHL2015,Women/men ratio (not married),CHL,ENUT 2015,2015,2.209885597229004,30,,Ratio marital status,14,Chile,Average hours per week spent caring for children or others at home.,Hours in care activities,Reference population between 25 and 64 years old. The series may present jumps due to methodological changes in the surveys (see methodological documents). Source: GenLAC (CEDLAS).
CHL2015,Women/men ratio (with children older than 5),CHL,ENUT 2015,2015,1.835779070854187,34,,Ratio children,13,Chile,Average hours per week spent caring for children or others at home.,Hours in care activities,Reference population between 25 and 64 years old. The series may present jumps due to methodological changes in the surveys (see methodological documents). Source: GenLAC (CEDLAS).
CHL2015,Women/men ratio,CHL,ENUT 2015,2015,1.932615518569946,26,,Women/men ratio,6,Chile,Average hours per week spent caring for children or others at home.,Hours in care activities,Reference population between 25 and 64 years old. The series may present jumps due to methodological changes in the surveys (see methodological documents). Source: GenLAC (CEDLAS).
CHL2015,Women/men ratio (with children aged 0-5),CHL,ENUT 2015,2015,2.124192476272583,33,,Ratio children,13,Chile,Average hours per week spent caring for children or others at home.,Hours in care activities,Reference population between 25 and 64 years old. The series may present jumps due to methodological changes in the surveys (see methodological documents). Source: GenLAC (CEDLAS).
CHL2015,Women/men ratio (married),CHL,ENUT 2015,2015,1.981410384178162,31,,Ratio marital status,14,Chile,Average hours per week spent caring for children or others at home.,Hours in care activities,Reference population between 25 and 64 years old. The series may present jumps due to methodological changes in the surveys (see methodological documents). Source: GenLAC (CEDLAS).
CHL2015,Women/men ratio (low skilled),CHL,ENUT 2015,2015,1.911768555641174,27,,Ratio qualification,15,Chile,Average hours per week spent caring for children or others at home.,Hours in care activities,Reference population between 25 and 64 years old. The series may present jumps due to methodological changes in the surveys (see methodological documents). Source: GenLAC (CEDLAS).
CHL2015,Women/men ratio (medium skilled),CHL,ENUT 2015,2015,1.990591764450073,28,,Ratio qualification,15,Chile,Average hours per week spent caring for children or others at home.,Hours in care activities,Reference population between 25 and 64 years old. The series may present jumps due to methodological changes in the surveys (see methodological documents). Source: GenLAC (CEDLAS).
COL2012,Women/men ratio,COL,ENUT 2012-13,2012,2.617919921875,26,,Women/men ratio,6,Colombia,Average hours per week spent caring for children or others at home.,Hours in care activities,Reference population between 25 and 64 years old. The series may present jumps due to methodological changes in the surveys (see methodological documents). Source: GenLAC (CEDLAS).
COL2012,Women/men ratio (not married),COL,ENUT 2012-13,2012,4.536398887634277,30,,Ratio marital status,14,Colombia,Average hours per week spent caring for children or others at home.,Hours in care activities,Reference population between 25 and 64 years old. The series may present jumps due to methodological changes in the surveys (see methodological documents). Source: GenLAC (CEDLAS).
COL2012,Women/men ratio (with children aged 0-5),COL,ENUT 2012-13,2012,2.861897706985474,33,,Ratio children,13,Colombia,Average hours per week spent caring for children or others at home.,Hours in care activities,Reference population between 25 and 64 years old. The series may present jumps due to methodological changes in the surveys (see methodological documents). Source: GenLAC (CEDLAS).
COL2012,Women/men ratio (medium skilled),COL,ENUT 2012-13,2012,2.509724855422974,28,,Ratio qualification,15,Colombia,Average hours per week spent caring for children or others at home.,Hours in care activities,Reference population between 25 and 64 years old. The series may present jumps due to methodological changes in the surveys (see methodological documents). Source: GenLAC (CEDLAS).
COL2012,Women/men ratio (without children),COL,ENUT 2012-13,2012,,32,,Ratio children,13,Colombia,Average hours per week spent caring for children or others at home.,Hours in care activities,Reference population between 25 and 64 years old. The series may present jumps due to methodological changes in the surveys (see methodological documents). Source: GenLAC (CEDLAS).
COL2012,Women/men ratio (low skilled),COL,ENUT 2012-13,2012,2.959238052368164,27,,Ratio qualification,15,Colombia,Average hours per week spent caring for children or others at home.,Hours in care activities,Reference population between 25 and 64 years old. The series may present jumps due to methodological changes in the surveys (see methodological documents). Source: GenLAC (CEDLAS).
COL2012,Women/men ratio (high skilled),COL,ENUT 2012-13,2012,1.947380661964417,29,,Ratio qualification,15,Colombia,Average hours per week spent caring for children or others at home.,Hours in care activities,Reference population between 25 and 64 years old. The series may present jumps due to methodological changes in the surveys (see methodological documents). Source: GenLAC (CEDLAS).
COL2012,Women/men ratio (with children older than 5),COL,ENUT 2012-13,2012,2.318130016326904,34,,Ratio children,13,Colombia,Average hours per week spent caring for children or others at home.,Hours in care activities,Reference population between 25 and 64 years old. The series may present jumps due to methodological changes in the surveys (see methodological documents). Source: GenLAC (CEDLAS).
COL2012,Women/men ratio (married),COL,ENUT 2012-13,2012,2.578938961029053,31,,Ratio marital status,14,Colombia,Average hours per week spent caring for children or others at home.,Hours in care activities,Reference population between 25 and 64 years old. The series may present jumps due to methodological changes in the surveys (see methodological documents). Source: GenLAC (CEDLAS).
COL2016,Women/men ratio (medium skilled),COL,ENUT 2016-17,2016,2.394546985626221,28,,Ratio qualification,15,Colombia,Average hours per week spent caring for children or others at home.,Hours in care activities,Reference population between 25 and 64 years old. The series may present jumps due to methodological changes in the surveys (see methodological documents). Source: GenLAC (CEDLAS).
COL2016,Women/men ratio,COL,ENUT 2016-17,2016,2.433384418487549,26,,Women/men ratio,6,Colombia,Average hours per week spent caring for children or others at home.,Hours in care activities,Reference population between 25 and 64 years old. The series may present jumps due to methodological changes in the surveys (see methodological documents). Source: GenLAC (CEDLAS).
COL2016,Women/men ratio (with children older than 5),COL,ENUT 2016-17,2016,2.155399799346924,34,,Ratio children,13,Colombia,Average hours per week spent caring for children or others at home.,Hours in care activities,Reference population between 25 and 64 years old. The series may present jumps due to methodological changes in the surveys (see methodological documents). Source: GenLAC (CEDLAS).
COL2016,Women/men ratio (with children aged 0-5),COL,ENUT 2016-17,2016,2.618774652481079,33,,Ratio children,13,Colombia,Average hours per week spent caring for children or others at home.,Hours in care activities,Reference population between 25 and 64 years old. The series may present jumps due to methodological changes in the surveys (see methodological documents). Source: GenLAC (CEDLAS).
COL2016,Women/men ratio (high skilled),COL,ENUT 2016-17,2016,1.836051821708679,29,,Ratio qualification,15,Colombia,Average hours per week spent caring for children or others at home.,Hours in care activities,Reference population between 25 and 64 years old. The series may present jumps due to methodological changes in the surveys (see methodological documents). Source: GenLAC (CEDLAS).
COL2016,Women/men ratio (without children),COL,ENUT 2016-17,2016,,32,,Ratio children,13,Colombia,Average hours per week spent caring for children or others at home.,Hours in care activities,Reference population between 25 and 64 years old. The series may present jumps due to methodological changes in the surveys (see methodological documents). Source: GenLAC (CEDLAS).
COL2016,Women/men ratio (low skilled),COL,ENUT 2016-17,2016,2.726019382476807,27,,Ratio qualification,15,Colombia,Average hours per week spent caring for children or others at home.,Hours in care activities,Reference population between 25 and 64 years old. The series may present jumps due to methodological changes in the surveys (see methodological documents). Source: GenLAC (CEDLAS).
COL2016,Women/men ratio (married),COL,ENUT 2016-17,2016,2.390129566192627,31,,Ratio marital status,14,Colombia,Average hours per week spent caring for children or others at home.,Hours in care activities,Reference population between 25 and 64 years old. The series may present jumps due to methodological changes in the surveys (see methodological documents). Source: GenLAC (CEDLAS).
COL2016,Women/men ratio (not married),COL,ENUT 2016-17,2016,3.860881805419922,30,,Ratio marital status,14,Colombia,Average hours per week spent caring for children or others at home.,Hours in care activities,Reference population between 25 and 64 years old. The series may present jumps due to methodological changes in the surveys (see methodological documents). Source: GenLAC (CEDLAS).
CRI2004,Women/men ratio (with children aged 0-5),CRI,MUT EHPM 2004,2004,4.155938148498535,33,,Ratio children,13,Costa Rica,Average hours per week spent caring for children or others at home.,Hours in care activities,Reference population between 25 and 64 years old. The series may present jumps due to methodological changes in the surveys (see methodological documents). Source: GenLAC (CEDLAS).
CRI2004,Women/men ratio (without children),CRI,MUT EHPM 2004,2004,,32,,Ratio children,13,Costa Rica,Average hours per week spent caring for children or others at home.,Hours in care activities,Reference population between 25 and 64 years old. The series may present jumps due to methodological changes in the surveys (see methodological documents). Source: GenLAC (CEDLAS).
CRI2004,Women/men ratio (married),CRI,MUT EHPM 2004,2004,4.172019004821777,31,,Ratio marital status,14,Costa Rica,Average hours per week spent caring for children or others at home.,Hours in care activities,Reference population between 25 and 64 years old. The series may present jumps due to methodological changes in the surveys (see methodological documents). Source: GenLAC (CEDLAS).
CRI2004,Women/men ratio,CRI,MUT EHPM 2004,2004,4.203280448913574,26,,Women/men ratio,6,Costa Rica,Average hours per week spent caring for children or others at home.,Hours in care activities,Reference population between 25 and 64 years old. The series may present jumps due to methodological changes in the surveys (see methodological documents). Source: GenLAC (CEDLAS).
CRI2004,Women/men ratio (low skilled),CRI,MUT EHPM 2004,2004,4.937254905700684,27,,Ratio qualification,15,Costa Rica,Average hours per week spent caring for children or others at home.,Hours in care activities,Reference population between 25 and 64 years old. The series may present jumps due to methodological changes in the surveys (see methodological documents). Source: GenLAC (CEDLAS).
CRI2004,Women/men ratio (medium skilled),CRI,MUT EHPM 2004,2004,3.790945291519165,28,,Ratio qualification,15,Costa Rica,Average hours per week spent caring for children or others at home.,Hours in care activities,Reference population between 25 and 64 years old. The series may present jumps due to methodological changes in the surveys (see methodological documents). Source: GenLAC (CEDLAS).
CRI2004,Women/men ratio (high skilled),CRI,MUT EHPM 2004,2004,2.73763370513916,29,,Ratio qualification,15,Costa Rica,Average hours per week spent caring for children or others at home.,Hours in care activities,Reference population between 25 and 64 years old. The series may present jumps due to methodological changes in the surveys (see methodological documents). Source: GenLAC (CEDLAS).
CRI2004,Women/men ratio (not married),CRI,MUT EHPM 2004,2004,9.622142791748047,30,,Ratio marital status,14,Costa Rica,Average hours per week spent caring for children or others at home.,Hours in care activities,Reference population between 25 and 64 years old. The series may present jumps due to methodological changes in the surveys (see methodological documents). Source: GenLAC (CEDLAS).
CRI2004,Women/men ratio (with children older than 5),CRI,MUT EHPM 2004,2004,4.319423198699951,34,,Ratio children,13,Costa Rica,Average hours per week spent caring for children or others at home.,Hours in care activities,Reference population between 25 and 64 years old. The series may present jumps due to methodological changes in the surveys (see methodological documents). Source: GenLAC (CEDLAS).
CRI2017,Women/men ratio (low skilled),CRI,ENUT 2017,2017,2.194550514221191,27,,Ratio qualification,15,Costa Rica,Average hours per week spent caring for children or others at home.,Hours in care activities,Reference population between 25 and 64 years old. The series may present jumps due to methodological changes in the surveys (see methodological documents). Source: GenLAC (CEDLAS).
CRI2017,Women/men ratio (high skilled),CRI,ENUT 2017,2017,1.595227479934692,29,,Ratio qualification,15,Costa Rica,Average hours per week spent caring for children or others at home.,Hours in care activities,Reference population between 25 and 64 years old. The series may present jumps due to methodological changes in the surveys (see methodological documents). Source: GenLAC (CEDLAS).
CRI2017,Women/men ratio (married),CRI,ENUT 2017,2017,2.398005485534668,31,,Ratio marital status,14,Costa Rica,Average hours per week spent caring for children or others at home.,Hours in care activities,Reference population between 25 and 64 years old. The series may present jumps due to methodological changes in the surveys (see methodological documents). Source: GenLAC (CEDLAS).
CRI2017,Women/men ratio (not married),CRI,ENUT 2017,2017,2.78669261932373,30,,Ratio marital status,14,Costa Rica,Average hours per week spent caring for children or others at home.,Hours in care activities,Reference population between 25 and 64 years old. The series may present jumps due to methodological changes in the surveys (see methodological documents). Source: GenLAC (CEDLAS).
CRI2017,Women/men ratio (with children aged 0-5),CRI,ENUT 2017,2017,,33,,Ratio children,13,Costa Rica,Average hours per week spent caring for children or others at home.,Hours in care activities,Reference population between 25 and 64 years old. The series may present jumps due to methodological changes in the surveys (see methodological documents). Source: GenLAC (CEDLAS).
CRI2017,Women/men ratio,CRI,ENUT 2017,2017,2.208289861679077,26,,Women/men ratio,6,Costa Rica,Average hours per week spent caring for children or others at home.,Hours in care activities,Reference population between 25 and 64 years old. The series may present jumps due to methodological changes in the surveys (see methodological documents). Source: GenLAC (CEDLAS).
CRI2017,Women/men ratio (medium skilled),CRI,ENUT 2017,2017,2.562010288238525,28,,Ratio qualification,15,Costa Rica,Average hours per week spent caring for children or others at home.,Hours in care activities,Reference population between 25 and 64 years old. The series may present jumps due to methodological changes in the surveys (see methodological documents). Source: GenLAC (CEDLAS).
CRI2017,Women/men ratio (with children older than 5),CRI,ENUT 2017,2017,,34,,Ratio children,13,Costa Rica,Average hours per week spent caring for children or others at home.,Hours in care activities,Reference population between 25 and 64 years old. The series may present jumps due to methodological changes in the surveys (see methodological documents). Source: GenLAC (CEDLAS).
CRI2017,Women/men ratio (without children),CRI,ENUT 2017,2017,,32,,Ratio children,13,Costa Rica,Average hours per week spent caring for children or others at home.,Hours in care activities,Reference population between 25 and 64 years old. The series may present jumps due to methodological changes in the surveys (see methodological documents). Source: GenLAC (CEDLAS).
DOM2016,Women/men ratio,DOM,MUT - ENOHGAR 20,2016,,26,,Women/men ratio,6,Dominican republic,Average hours per week spent caring for children or others at home.,Hours in care activities,Reference population between 25 and 64 years old. The series may present jumps due to methodological changes in the surveys (see methodological documents). Source: GenLAC (CEDLAS).
DOM2016,Women/men ratio (not married),DOM,MUT - ENOHGAR 20,2016,,30,,Ratio marital status,14,Dominican republic,Average hours per week spent caring for children or others at home.,Hours in care activities,Reference population between 25 and 64 years old. The series may present jumps due to methodological changes in the surveys (see methodological documents). Source: GenLAC (CEDLAS).
DOM2016,Women/men ratio (with children aged 0-5),DOM,MUT - ENOHGAR 20,2016,,33,,Ratio children,13,Dominican republic,Average hours per week spent caring for children or others at home.,Hours in care activities,Reference population between 25 and 64 years old. The series may present jumps due to methodological changes in the surveys (see methodological documents). Source: GenLAC (CEDLAS).
DOM2016,Women/men ratio (low skilled),DOM,MUT - ENOHGAR 20,2016,,27,,Ratio qualification,15,Dominican republic,Average hours per week spent caring for children or others at home.,Hours in care activities,Reference population between 25 and 64 years old. The series may present jumps due to methodological changes in the surveys (see methodological documents). Source: GenLAC (CEDLAS).
DOM2016,Women/men ratio (without children),DOM,MUT - ENOHGAR 20,2016,,32,,Ratio children,13,Dominican republic,Average hours per week spent caring for children or others at home.,Hours in care activities,Reference population between 25 and 64 years old. The series may present jumps due to methodological changes in the surveys (see methodological documents). Source: GenLAC (CEDLAS).
DOM2016,Women/men ratio (with children older than 5),DOM,MUT - ENOHGAR 20,2016,,34,,Ratio children,13,Dominican republic,Average hours per week spent caring for children or others at home.,Hours in care activities,Reference population between 25 and 64 years old. The series may present jumps due to methodological changes in the surveys (see methodological documents). Source: GenLAC (CEDLAS).
DOM2016,Women/men ratio (married),DOM,MUT - ENOHGAR 20,2016,,31,,Ratio marital status,14,Dominican republic,Average hours per week spent caring for children or others at home.,Hours in care activities,Reference population between 25 and 64 years old. The series may present jumps due to methodological changes in the surveys (see methodological documents). Source: GenLAC (CEDLAS).
DOM2016,Women/men ratio (medium skilled),DOM,MUT - ENOHGAR 20,2016,,28,,Ratio qualification,15,Dominican republic,Average hours per week spent caring for children or others at home.,Hours in care activities,Reference population between 25 and 64 years old. The series may present jumps due to methodological changes in the surveys (see methodological documents). Source: GenLAC (CEDLAS).
DOM2016,Women/men ratio (high skilled),DOM,MUT - ENOHGAR 20,2016,,29,,Ratio qualification,15,Dominican republic,Average hours per week spent caring for children or others at home.,Hours in care activities,Reference population between 25 and 64 years old. The series may present jumps due to methodological changes in the surveys (see methodological documents). Source: GenLAC (CEDLAS).
ECU2012,Women/men ratio (without children),ECU,EUT 2012,2012,,32,,Ratio children,13,Ecuador,Average hours per week spent caring for children or others at home.,Hours in care activities,Reference population between 25 and 64 years old. The series may present jumps due to methodological changes in the surveys (see methodological documents). Source: GenLAC (CEDLAS).
ECU2012,Women/men ratio,ECU,EUT 2012,2012,4.101397514343262,26,,Women/men ratio,6,Ecuador,Average hours per week spent caring for children or others at home.,Hours in care activities,Reference population between 25 and 64 years old. The series may present jumps due to methodological changes in the surveys (see methodological documents). Source: GenLAC (CEDLAS).
ECU2012,Women/men ratio (with children older than 5),ECU,EUT 2012,2012,3.464608430862427,34,,Ratio children,13,Ecuador,Average hours per week spent caring for children or others at home.,Hours in care activities,Reference population between 25 and 64 years old. The series may present jumps due to methodological changes in the surveys (see methodological documents). Source: GenLAC (CEDLAS).
ECU2012,Women/men ratio (high skilled),ECU,EUT 2012,2012,2.910006284713745,29,,Ratio qualification,15,Ecuador,Average hours per week spent caring for children or others at home.,Hours in care activities,Reference population between 25 and 64 years old. The series may present jumps due to methodological changes in the surveys (see methodological documents). Source: GenLAC (CEDLAS).
ECU2012,Women/men ratio (with children aged 0-5),ECU,EUT 2012,2012,4.715857982635498,33,,Ratio children,13,Ecuador,Average hours per week spent caring for children or others at home.,Hours in care activities,Reference population between 25 and 64 years old. The series may present jumps due to methodological changes in the surveys (see methodological documents). Source: GenLAC (CEDLAS).
ECU2012,Women/men ratio (medium skilled),ECU,EUT 2012,2012,4.366077899932861,28,,Ratio qualification,15,Ecuador,Average hours per week spent caring for children or others at home.,Hours in care activities,Reference population between 25 and 64 years old. The series may present jumps due to methodological changes in the surveys (see methodological documents). Source: GenLAC (CEDLAS).
ECU2012,Women/men ratio (married),ECU,EUT 2012,2012,3.974095582962036,31,,Ratio marital status,14,Ecuador,Average hours per week spent caring for children or others at home.,Hours in care activities,Reference population between 25 and 64 years old. The series may present jumps due to methodological changes in the surveys (see methodological documents). Source: GenLAC (CEDLAS).
ECU2012,Women/men ratio (low skilled),ECU,EUT 2012,2012,4.397241115570068,27,,Ratio qualification,15,Ecuador,Average hours per week spent caring for children or others at home.,Hours in care activities,Reference population between 25 and 64 years old. The series may present jumps due to methodological changes in the surveys (see methodological documents). Source: GenLAC (CEDLAS).
ECU2012,Women/men ratio (not married),ECU,EUT 2012,2012,4.316895484924316,30,,Ratio marital status,14,Ecuador,Average hours per week spent caring for children or others at home.,Hours in care activities,Reference population between 25 and 64 years old. The series may present jumps due to methodological changes in the surveys (see methodological documents). Source: GenLAC (CEDLAS).
SLV2017,Women/men ratio (medium skilled),SLV,ENUT 2017,2017,1.869110703468323,28,,Ratio qualification,15,El Salvador,Average hours per week spent caring for children or others at home.,Hours in care activities,Reference population between 25 and 64 years old. The series may present jumps due to methodological changes in the surveys (see methodological documents). Source: GenLAC (CEDLAS).
SLV2017,Women/men ratio (low skilled),SLV,ENUT 2017,2017,2.159911632537842,27,,Ratio qualification,15,El Salvador,Average hours per week spent caring for children or others at home.,Hours in care activities,Reference population between 25 and 64 years old. The series may present jumps due to methodological changes in the surveys (see methodological documents). Source: GenLAC (CEDLAS).
SLV2017,Women/men ratio (not married),SLV,ENUT 2017,2017,2.189431667327881,30,,Ratio marital status,14,El Salvador,Average hours per week spent caring for children or others at home.,Hours in care activities,Reference population between 25 and 64 years old. The series may present jumps due to methodological changes in the surveys (see methodological documents). Source: GenLAC (CEDLAS).
SLV2017,Women/men ratio (with children aged 0-5),SLV,ENUT 2017,2017,2.429399728775024,33,,Ratio children,13,El Salvador,Average hours per week spent caring for children or others at home.,Hours in care activities,Reference population between 25 and 64 years old. The series may present jumps due to methodological changes in the surveys (see methodological documents). Source: GenLAC (CEDLAS).
SLV2017,Women/men ratio (with children older than 5),SLV,ENUT 2017,2017,1.594093680381775,34,,Ratio children,13,El Salvador,Average hours per week spent caring for children or others at home.,Hours in care activities,Reference population between 25 and 64 years old. The series may present jumps due to methodological changes in the surveys (see methodological documents). Source: GenLAC (CEDLAS).
SLV2017,Women/men ratio,SLV,ENUT 2017,2017,1.964197397232056,26,,Women/men ratio,6,El Salvador,Average hours per week spent caring for children or others at home.,Hours in care activities,Reference population between 25 and 64 years old. The series may present jumps due to methodological changes in the surveys (see methodological documents). Source: GenLAC (CEDLAS).
SLV2017,Women/men ratio (high skilled),SLV,ENUT 2017,2017,1.615910172462463,29,,Ratio qualification,15,El Salvador,Average hours per week spent caring for children or others at home.,Hours in care activities,Reference population between 25 and 64 years old. The series may present jumps due to methodological changes in the surveys (see methodological documents). Source: GenLAC (CEDLAS).
SLV2017,Women/men ratio (married),SLV,ENUT 2017,2017,2.098613500595093,31,,Ratio marital status,14,El Salvador,Average hours per week spent caring for children or others at home.,Hours in care activities,Reference population between 25 and 64 years old. The series may present jumps due to methodological changes in the surveys (see methodological documents). Source: GenLAC (CEDLAS).
SLV2017,Women/men ratio (without children),SLV,ENUT 2017,2017,,32,,Ratio children,13,El Salvador,Average hours per week spent caring for children or others at home.,Hours in care activities,Reference population between 25 and 64 years old. The series may present jumps due to methodological changes in the surveys (see methodological documents). Source: GenLAC (CEDLAS).
GTM2011,Women/men ratio (low skilled),GTM,ENCOVI 2011,2011,,27,,Ratio qualification,15,Guatemala,Average hours per week spent caring for children or others at home.,Hours in care activities,Reference population between 25 and 64 years old. The series may present jumps due to methodological changes in the surveys (see methodological documents). Source: GenLAC (CEDLAS).
GTM2011,Women/men ratio (not married),GTM,ENCOVI 2011,2011,,30,,Ratio marital status,14,Guatemala,Average hours per week spent caring for children or others at home.,Hours in care activities,Reference population between 25 and 64 years old. The series may present jumps due to methodological changes in the surveys (see methodological documents). Source: GenLAC (CEDLAS).
GTM2011,Women/men ratio (high skilled),GTM,ENCOVI 2011,2011,,29,,Ratio qualification,15,Guatemala,Average hours per week spent caring for children or others at home.,Hours in care activities,Reference population between 25 and 64 years old. The series may present jumps due to methodological changes in the surveys (see methodological documents). Source: GenLAC (CEDLAS).
GTM2011,Women/men ratio (with children older than 5),GTM,ENCOVI 2011,2011,,34,,Ratio children,13,Guatemala,Average hours per week spent caring for children or others at home.,Hours in care activities,Reference population between 25 and 64 years old. The series may present jumps due to methodological changes in the surveys (see methodological documents). Source: GenLAC (CEDLAS).
GTM2011,Women/men ratio (medium skilled),GTM,ENCOVI 2011,2011,,28,,Ratio qualification,15,Guatemala,Average hours per week spent caring for children or others at home.,Hours in care activities,Reference population between 25 and 64 years old. The series may present jumps due to methodological changes in the surveys (see methodological documents). Source: GenLAC (CEDLAS).
GTM2011,Women/men ratio (with children aged 0-5),GTM,ENCOVI 2011,2011,,33,,Ratio children,13,Guatemala,Average hours per week spent caring for children or others at home.,Hours in care activities,Reference population between 25 and 64 years old. The series may present jumps due to methodological changes in the surveys (see methodological documents). Source: GenLAC (CEDLAS).
GTM2011,Women/men ratio (married),GTM,ENCOVI 2011,2011,,31,,Ratio marital status,14,Guatemala,Average hours per week spent caring for children or others at home.,Hours in care activities,Reference population between 25 and 64 years old. The series may present jumps due to methodological changes in the surveys (see methodological documents). Source: GenLAC (CEDLAS).
GTM2011,Women/men ratio (without children),GTM,ENCOVI 2011,2011,,32,,Ratio children,13,Guatemala,Average hours per week spent caring for children or others at home.,Hours in care activities,Reference population between 25 and 64 years old. The series may present jumps due to methodological changes in the surveys (see methodological documents). Source: GenLAC (CEDLAS).
GTM2011,Women/men ratio,GTM,ENCOVI 2011,2011,,26,,Women/men ratio,6,Guatemala,Average hours per week spent caring for children or others at home.,Hours in care activities,Reference population between 25 and 64 years old. The series may present jumps due to methodological changes in the surveys (see methodological documents). Source: GenLAC (CEDLAS).
GTM2014,Women/men ratio (with children older than 5),GTM,ENCOVI 2014,2014,3.135606527328491,34,,Ratio children,13,Guatemala,Average hours per week spent caring for children or others at home.,Hours in care activities,Reference population between 25 and 64 years old. The series may present jumps due to methodological changes in the surveys (see methodological documents). Source: GenLAC (CEDLAS).
GTM2014,Women/men ratio (married),GTM,ENCOVI 2014,2014,3.747975587844849,31,,Ratio marital status,14,Guatemala,Average hours per week spent caring for children or others at home.,Hours in care activities,Reference population between 25 and 64 years old. The series may present jumps due to methodological changes in the surveys (see methodological documents). Source: GenLAC (CEDLAS).
GTM2014,Women/men ratio (without children),GTM,ENCOVI 2014,2014,,32,,Ratio children,13,Guatemala,Average hours per week spent caring for children or others at home.,Hours in care activities,Reference population between 25 and 64 years old. The series may present jumps due to methodological changes in the surveys (see methodological documents). Source: GenLAC (CEDLAS).
GTM2014,Women/men ratio (medium skilled),GTM,ENCOVI 2014,2014,2.887326002120972,28,,Ratio qualification,15,Guatemala,Average hours per week spent caring for children or others at home.,Hours in care activities,Reference population between 25 and 64 years old. The series may present jumps due to methodological changes in the surveys (see methodological documents). Source: GenLAC (CEDLAS).
GTM2014,Women/men ratio,GTM,ENCOVI 2014,2014,3.615112781524658,26,,Women/men ratio,6,Guatemala,Average hours per week spent caring for children or others at home.,Hours in care activities,Reference population between 25 and 64 years old. The series may present jumps due to methodological changes in the surveys (see methodological documents). Source: GenLAC (CEDLAS).
GTM2014,Women/men ratio (low skilled),GTM,ENCOVI 2014,2014,4.069688320159912,27,,Ratio qualification,15,Guatemala,Average hours per week spent caring for children or others at home.,Hours in care activities,Reference population between 25 and 64 years old. The series may present jumps due to methodological changes in the surveys (see methodological documents). Source: GenLAC (CEDLAS).
GTM2014,Women/men ratio (high skilled),GTM,ENCOVI 2014,2014,2.814919233322144,29,,Ratio qualification,15,Guatemala,Average hours per week spent caring for children or others at home.,Hours in care activities,Reference population between 25 and 64 years old. The series may present jumps due to methodological changes in the surveys (see methodological documents). Source: GenLAC (CEDLAS).
GTM2014,Women/men ratio (not married),GTM,ENCOVI 2014,2014,5.433647155761719,30,,Ratio marital status,14,Guatemala,Average hours per week spent caring for children or others at home.,Hours in care activities,Reference population between 25 and 64 years old. The series may present jumps due to methodological changes in the surveys (see methodological documents). Source: GenLAC (CEDLAS).
GTM2014,Women/men ratio (with children aged 0-5),GTM,ENCOVI 2014,2014,4.156485557556152,33,,Ratio children,13,Guatemala,Average hours per week spent caring for children or others at home.,Hours in care activities,Reference population between 25 and 64 years old. The series may present jumps due to methodological changes in the surveys (see methodological documents). Source: GenLAC (CEDLAS).
MEX2009,Women/men ratio (with children older than 5),MEX,ENUT 2009,2009,2.722171545028687,34,,Ratio children,13,Mexico,Average hours per week spent caring for children or others at home.,Hours in care activities,Reference population between 25 and 64 years old. The series may present jumps due to methodological changes in the surveys (see methodological documents). Source: GenLAC (CEDLAS).
MEX2009,Women/men ratio (without children),MEX,ENUT 2009,2009,,32,,Ratio children,13,Mexico,Average hours per week spent caring for children or others at home.,Hours in care activities,Reference population between 25 and 64 years old. The series may present jumps due to methodological changes in the surveys (see methodological documents). Source: GenLAC (CEDLAS).
MEX2009,Women/men ratio (not married),MEX,ENUT 2009,2009,3.126977682113647,30,,Ratio marital status,14,Mexico,Average hours per week spent caring for children or others at home.,Hours in care activities,Reference population between 25 and 64 years old. The series may present jumps due to methodological changes in the surveys (see methodological documents). Source: GenLAC (CEDLAS).
MEX2009,Women/men ratio (with children aged 0-5),MEX,ENUT 2009,2009,3.605732440948486,33,,Ratio children,13,Mexico,Average hours per week spent caring for children or others at home.,Hours in care activities,Reference population between 25 and 64 years old. The series may present jumps due to methodological changes in the surveys (see methodological documents). Source: GenLAC (CEDLAS).
MEX2009,Women/men ratio (low skilled),MEX,ENUT 2009,2009,3.10036301612854,27,,Ratio qualification,15,Mexico,Average hours per week spent caring for children or others at home.,Hours in care activities,Reference population between 25 and 64 years old. The series may present jumps due to methodological changes in the surveys (see methodological documents). Source: GenLAC (CEDLAS).
MEX2009,Women/men ratio (married),MEX,ENUT 2009,2009,2.981478691101074,31,,Ratio marital status,14,Mexico,Average hours per week spent caring for children or others at home.,Hours in care activities,Reference population between 25 and 64 years old. The series may present jumps due to methodological changes in the surveys (see methodological documents). Source: GenLAC (CEDLAS).
MEX2009,Women/men ratio (high skilled),MEX,ENUT 2009,2009,2.613723993301392,29,,Ratio qualification,15,Mexico,Average hours per week spent caring for children or others at home.,Hours in care activities,Reference population between 25 and 64 years old. The series may present jumps due to methodological changes in the surveys (see methodological documents). Source: GenLAC (CEDLAS).
MEX2009,Women/men ratio (medium skilled),MEX,ENUT 2009,2009,3.332211256027222,28,,Ratio qualification,15,Mexico,Average hours per week spent caring for children or others at home.,Hours in care activities,Reference population between 25 and 64 years old. The series may present jumps due to methodological changes in the surveys (see methodological documents). Source: GenLAC (CEDLAS).
MEX2009,Women/men ratio,MEX,ENUT 2009,2009,3.09109354019165,26,,Women/men ratio,6,Mexico,Average hours per week spent caring for children or others at home.,Hours in care activities,Reference population between 25 and 64 years old. The series may present jumps due to methodological changes in the surveys (see methodological documents). Source: GenLAC (CEDLAS).
MEX2014,Women/men ratio (not married),MEX,ENUT 2014,2014,2.685287952423096,30,,Ratio marital status,14,Mexico,Average hours per week spent caring for children or others at home.,Hours in care activities,Reference population between 25 and 64 years old. The series may present jumps due to methodological changes in the surveys (see methodological documents). Source: GenLAC (CEDLAS).
MEX2014,Women/men ratio (with children older than 5),MEX,ENUT 2014,2014,2.538862466812134,34,,Ratio children,13,Mexico,Average hours per week spent caring for children or others at home.,Hours in care activities,Reference population between 25 and 64 years old. The series may present jumps due to methodological changes in the surveys (see methodological documents). Source: GenLAC (CEDLAS).
MEX2014,Women/men ratio (low skilled),MEX,ENUT 2014,2014,2.956355571746826,27,,Ratio qualification,15,Mexico,Average hours per week spent caring for children or others at home.,Hours in care activities,Reference population between 25 and 64 years old. The series may present jumps due to methodological changes in the surveys (see methodological documents). Source: GenLAC (CEDLAS).
MEX2014,Women/men ratio,MEX,ENUT 2014,2014,2.733886957168579,26,,Women/men ratio,6,Mexico,Average hours per week spent caring for children or others at home.,Hours in care activities,Reference population between 25 and 64 years old. The series may present jumps due to methodological changes in the surveys (see methodological documents). Source: GenLAC (CEDLAS).
MEX2014,Women/men ratio (with children aged 0-5),MEX,ENUT 2014,2014,3.093283891677856,33,,Ratio children,13,Mexico,Average hours per week spent caring for children or others at home.,Hours in care activities,Reference population between 25 and 64 years old. The series may present jumps due to methodological changes in the surveys (see methodological documents). Source: GenLAC (CEDLAS).
MEX2014,Women/men ratio (married),MEX,ENUT 2014,2014,2.880201101303101,31,,Ratio marital status,14,Mexico,Average hours per week spent caring for children or others at home.,Hours in care activities,Reference population between 25 and 64 years old. The series may present jumps due to methodological changes in the surveys (see methodological documents). Source: GenLAC (CEDLAS).
MEX2014,Women/men ratio (medium skilled),MEX,ENUT 2014,2014,2.759288787841797,28,,Ratio qualification,15,Mexico,Average hours per week spent caring for children or others at home.,Hours in care activities,Reference population between 25 and 64 years old. The series may present jumps due to methodological changes in the surveys (see methodological documents). Source: GenLAC (CEDLAS).
MEX2014,Women/men ratio (without children),MEX,ENUT 2014,2014,,32,,Ratio children,13,Mexico,Average hours per week spent caring for children or others at home.,Hours in care activities,Reference population between 25 and 64 years old. The series may present jumps due to methodological changes in the surveys (see methodological documents). Source: GenLAC (CEDLAS).
MEX2014,Women/men ratio (high skilled),MEX,ENUT 2014,2014,2.487836837768555,29,,Ratio qualification,15,Mexico,Average hours per week spent caring for children or others at home.,Hours in care activities,Reference population between 25 and 64 years old. The series may present jumps due to methodological changes in the surveys (see methodological documents). Source: GenLAC (CEDLAS).
PRY2016,Women/men ratio (married),PRY,EUT 2016,2016,2.528026103973389,31,,Ratio marital status,14,Paraguay,Average hours per week spent caring for children or others at home.,Hours in care activities,Reference population between 25 and 64 years old. The series may present jumps due to methodological changes in the surveys (see methodological documents). Source: GenLAC (CEDLAS).
PRY2016,Women/men ratio (medium skilled),PRY,EUT 2016,2016,2.758010625839233,28,,Ratio qualification,15,Paraguay,Average hours per week spent caring for children or others at home.,Hours in care activities,Reference population between 25 and 64 years old. The series may present jumps due to methodological changes in the surveys (see methodological documents). Source: GenLAC (CEDLAS).
PRY2016,Women/men ratio (high skilled),PRY,EUT 2016,2016,1.859340190887451,29,,Ratio qualification,15,Paraguay,Average hours per week spent caring for children or others at home.,Hours in care activities,Reference population between 25 and 64 years old. The series may present jumps due to methodological changes in the surveys (see methodological documents). Source: GenLAC (CEDLAS).
PRY2016,Women/men ratio (with children older than 5),PRY,EUT 2016,2016,2.287027835845947,34,,Ratio children,13,Paraguay,Average hours per week spent caring for children or others at home.,Hours in care activities,Reference population between 25 and 64 years old. The series may present jumps due to methodological changes in the surveys (see methodological documents). Source: GenLAC (CEDLAS).
PRY2016,Women/men ratio (not married),PRY,EUT 2016,2016,3.800901651382446,30,,Ratio marital status,14,Paraguay,Average hours per week spent caring for children or others at home.,Hours in care activities,Reference population between 25 and 64 years old. The series may present jumps due to methodological changes in the surveys (see methodological documents). Source: GenLAC (CEDLAS).
PRY2016,Women/men ratio,PRY,EUT 2016,2016,2.541956901550293,26,,Women/men ratio,6,Paraguay,Average hours per week spent caring for children or others at home.,Hours in care activities,Reference population between 25 and 64 years old. The series may present jumps due to methodological changes in the surveys (see methodological documents). Source: GenLAC (CEDLAS).
PRY2016,Women/men ratio (low skilled),PRY,EUT 2016,2016,2.798838138580322,27,,Ratio qualification,15,Paraguay,Average hours per week spent caring for children or others at home.,Hours in care activities,Reference population between 25 and 64 years old. The series may present jumps due to methodological changes in the surveys (see methodological documents). Source: GenLAC (CEDLAS).
PRY2016,Women/men ratio (with children aged 0-5),PRY,EUT 2016,2016,2.722853422164917,33,,Ratio children,13,Paraguay,Average hours per week spent caring for children or others at home.,Hours in care activities,Reference population between 25 and 64 years old. The series may present jumps due to methodological changes in the surveys (see methodological documents). Source: GenLAC (CEDLAS).
PRY2016,Women/men ratio (without children),PRY,EUT 2016,2016,,32,,Ratio children,13,Paraguay,Average hours per week spent caring for children or others at home.,Hours in care activities,Reference population between 25 and 64 years old. The series may present jumps due to methodological changes in the surveys (see methodological documents). Source: GenLAC (CEDLAS).
PER2010,Women/men ratio (with children aged 0-5),PER,ENUT 2010,2010,2.88560938835144,33,,Ratio children,13,Peru,Average hours per week spent caring for children or others at home.,Hours in care activities,Reference population between 25 and 64 years old. The series may present jumps due to methodological changes in the surveys (see methodological documents). Source: GenLAC (CEDLAS).
PER2010,Women/men ratio,PER,ENUT 2010,2010,2.487181663513184,26,,Women/men ratio,6,Peru,Average hours per week spent caring for children or others at home.,Hours in care activities,Reference population between 25 and 64 years old. The series may present jumps due to methodological changes in the surveys (see methodological documents). Source: GenLAC (CEDLAS).
PER2010,Women/men ratio (married),PER,ENUT 2010,2010,2.477300405502319,31,,Ratio marital status,14,Peru,Average hours per week spent caring for children or others at home.,Hours in care activities,Reference population between 25 and 64 years old. The series may present jumps due to methodological changes in the surveys (see methodological documents). Source: GenLAC (CEDLAS).
PER2010,Women/men ratio (medium skilled),PER,ENUT 2010,2010,2.78095555305481,28,,Ratio qualification,15,Peru,Average hours per week spent caring for children or others at home.,Hours in care activities,Reference population between 25 and 64 years old. The series may present jumps due to methodological changes in the surveys (see methodological documents). Source: GenLAC (CEDLAS).
PER2010,Women/men ratio (low skilled),PER,ENUT 2010,2010,2.571092128753662,27,,Ratio qualification,15,Peru,Average hours per week spent caring for children or others at home.,Hours in care activities,Reference population between 25 and 64 years old. The series may present jumps due to methodological changes in the surveys (see methodological documents). Source: GenLAC (CEDLAS).
PER2010,Women/men ratio (high skilled),PER,ENUT 2010,2010,2.198686599731445,29,,Ratio qualification,15,Peru,Average hours per week spent caring for children or others at home.,Hours in care activities,Reference population between 25 and 64 years old. The series may present jumps due to methodological changes in the surveys (see methodological documents). Source: GenLAC (CEDLAS).
PER2010,Women/men ratio (with children older than 5),PER,ENUT 2010,2010,1.956785321235657,34,,Ratio children,13,Peru,Average hours per week spent caring for children or others at home.,Hours in care activities,Reference population between 25 and 64 years old. The series may present jumps due to methodological changes in the surveys (see methodological documents). Source: GenLAC (CEDLAS).
PER2010,Women/men ratio (not married),PER,ENUT 2010,2010,3.508860111236572,30,,Ratio marital status,14,Peru,Average hours per week spent caring for children or others at home.,Hours in care activities,Reference population between 25 and 64 years old. The series may present jumps due to methodological changes in the surveys (see methodological documents). Source: GenLAC (CEDLAS).
PER2010,Women/men ratio (without children),PER,ENUT 2010,2010,,32,,Ratio children,13,Peru,Average hours per week spent caring for children or others at home.,Hours in care activities,Reference population between 25 and 64 years old. The series may present jumps due to methodological changes in the surveys (see methodological documents). Source: GenLAC (CEDLAS).
URY2007,Women/men ratio (medium skilled),URY,MUT - ECH 2007,2007,2.170264720916748,28,,Ratio qualification,15,Uruguay,Average hours per week spent caring for children or others at home.,Hours in care activities,Reference population between 25 and 64 years old. The series may present jumps due to methodological changes in the surveys (see methodological documents). Source: GenLAC (CEDLAS).
URY2007,Women/men ratio (high skilled),URY,MUT - ECH 2007,2007,2.169865369796753,29,,Ratio qualification,15,Uruguay,Average hours per week spent caring for children or others at home.,Hours in care activities,Reference population between 25 and 64 years old. The series may present jumps due to methodological changes in the surveys (see methodological documents). Source: GenLAC (CEDLAS).
URY2007,Women/men ratio (low skilled),URY,MUT - ECH 2007,2007,2.818886995315552,27,,Ratio qualification,15,Uruguay,Average hours per week spent caring for children or others at home.,Hours in care activities,Reference population between 25 and 64 years old. The series may present jumps due to methodological changes in the surveys (see methodological documents). Source: GenLAC (CEDLAS).
URY2007,Women/men ratio (not married),URY,MUT - ECH 2007,2007,7.438536167144775,30,,Ratio marital status,14,Uruguay,Average hours per week spent caring for children or others at home.,Hours in care activities,Reference population between 25 and 64 years old. The series may present jumps due to methodological changes in the surveys (see methodological documents). Source: GenLAC (CEDLAS).
URY2007,Women/men ratio (without children),URY,MUT - ECH 2007,2007,,32,,Ratio children,13,Uruguay,Average hours per week spent caring for children or others at home.,Hours in care activities,Reference population between 25 and 64 years old. The series may present jumps due to methodological changes in the surveys (see methodological documents). Source: GenLAC (CEDLAS).
URY2007,Women/men ratio,URY,MUT - ECH 2007,2007,2.443271398544312,26,,Women/men ratio,6,Uruguay,Average hours per week spent caring for children or others at home.,Hours in care activities,Reference population between 25 and 64 years old. The series may present jumps due to methodological changes in the surveys (see methodological documents). Source: GenLAC (CEDLAS).
URY2007,Women/men ratio (with children aged 0-5),URY,MUT - ECH 2007,2007,2.440666675567627,33,,Ratio children,13,Uruguay,Average hours per week spent caring for children or others at home.,Hours in care activities,Reference population between 25 and 64 years old. The series may present jumps due to methodological changes in the surveys (see methodological documents). Source: GenLAC (CEDLAS).
URY2007,Women/men ratio (with children older than 5),URY,MUT - ECH 2007,2007,1.962688684463501,34,,Ratio children,13,Uruguay,Average hours per week spent caring for children or others at home.,Hours in care activities,Reference population between 25 and 64 years old. The series may present jumps due to methodological changes in the surveys (see methodological documents). Source: GenLAC (CEDLAS).
URY2007,Women/men ratio (married),URY,MUT - ECH 2007,2007,2.280796527862549,31,,Ratio marital status,14,Uruguay,Average hours per week spent caring for children or others at home.,Hours in care activities,Reference population between 25 and 64 years old. The series may present jumps due to methodological changes in the surveys (see methodological documents). Source: GenLAC (CEDLAS).
URY2013,Women/men ratio (low skilled),URY,EUT 2013,2013,2.188032865524292,27,,Ratio qualification,15,Uruguay,Average hours per week spent caring for children or others at home.,Hours in care activities,Reference population between 25 and 64 years old. The series may present jumps due to methodological changes in the surveys (see methodological documents). Source: GenLAC (CEDLAS).
URY2013,Women/men ratio (not married),URY,EUT 2013,2013,2.919738292694092,30,,Ratio marital status,14,Uruguay,Average hours per week spent caring for children or others at home.,Hours in care activities,Reference population between 25 and 64 years old. The series may present jumps due to methodological changes in the surveys (see methodological documents). Source: GenLAC (CEDLAS).
URY2013,Women/men ratio (with children aged 0-5),URY,EUT 2013,2013,1.836592793464661,33,,Ratio children,13,Uruguay,Average hours per week spent caring for children or others at home.,Hours in care activities,Reference population between 25 and 64 years old. The series may present jumps due to methodological changes in the surveys (see methodological documents). Source: GenLAC (CEDLAS).
URY2013,Women/men ratio (without children),URY,EUT 2013,2013,,32,,Ratio children,13,Uruguay,Average hours per week spent caring for children or others at home.,Hours in care activities,Reference population between 25 and 64 years old. The series may present jumps due to methodological changes in the surveys (see methodological documents). Source: GenLAC (CEDLAS).
URY2013,Women/men ratio (married),URY,EUT 2013,2013,1.909187793731689,31,,Ratio marital status,14,Uruguay,Average hours per week spent caring for children or others at home.,Hours in care activities,Reference population between 25 and 64 years old. The series may present jumps due to methodological changes in the surveys (see methodological documents). Source: GenLAC (CEDLAS).
URY2013,Women/men ratio (high skilled),URY,EUT 2013,2013,1.579783201217651,29,,Ratio qualification,15,Uruguay,Average hours per week spent caring for children or others at home.,Hours in care activities,Reference population between 25 and 64 years old. The series may present jumps due to methodological changes in the surveys (see methodological documents). Source: GenLAC (CEDLAS).
URY2013,Women/men ratio (medium skilled),URY,EUT 2013,2013,1.754398107528687,28,,Ratio qualification,15,Uruguay,Average hours per week spent caring for children or others at home.,Hours in care activities,Reference population between 25 and 64 years old. The series may present jumps due to methodological changes in the surveys (see methodological documents). Source: GenLAC (CEDLAS).
URY2013,Women/men ratio (with children older than 5),URY,EUT 2013,2013,2.07109808921814,34,,Ratio children,13,Uruguay,Average hours per week spent caring for children or others at home.,Hours in care activities,Reference population between 25 and 64 years old. The series may present jumps due to methodological changes in the surveys (see methodological documents). Source: GenLAC (CEDLAS).
URY2013,Women/men ratio,URY,EUT 2013,2013,1.911622762680054,26,,Women/men ratio,6,Uruguay,Average hours per week spent caring for children or others at home.,Hours in care activities,Reference population between 25 and 64 years old. The series may present jumps due to methodological changes in the surveys (see methodological documents). Source: GenLAC (CEDLAS).
